"DESCRIPTION","DURATION IN MS","NAME","PARENT SUITE","START TIME","STATUS","STOP TIME","SUB SUITE","SUITE","TEST CLASS","TEST METHOD"
"Тест проверяет, что страница Google открывается и имеет правильный заголовок","8787","Проверка открытия Google","","Tue May 20 23:31:06 NOVT 2025","passed","Tue May 20 23:31:14 NOVT 2025","","test_selenium","",""
"","14478","test_scooter_logo_click","tests","Sun May 25 15:43:08 NOVT 2025","passed","Sun May 25 15:43:22 NOVT 2025","TestLogoNavigation","test_logo_navigation","",""
"","13856","test_create_order[order_data0-True]","tests","Sun May 25 15:43:41 NOVT 2025","passed","Sun May 25 15:43:55 NOVT 2025","TestOrderFlow","test_order_flow","",""
"","379","test_faq_answers[4-\u041f\u043e\u043a\u0430 \u0447\u0442\u043e \u043d\u0435\u0442! \u041d\u043e \u0435\u0441\u043b\u0438 \u0447\u0442\u043e-\u0442\u043e \u0441\u0440\u043e\u0447\u043d\u043e\u0435 \u2014 \u0432\u0441\u0435\u0433\u0434\u0430 \u043c\u043e\u0436\u043d\u043e \u043f\u043e\u0437\u0432\u043e\u043d\u0438\u0442\u044c \u0432 \u043f\u043e\u0434\u0434\u0435\u0440\u0436\u043a\u0443 \u043f\u043e \u043a\u0440\u0430\u0441\u0438\u0432\u043e\u043c\u0443 \u043d\u043e\u043c\u0435\u0440\u0443 1010.]","tests","Sun May 25 15:42:57 NOVT 2025","passed","Sun May 25 15:42:58 NOVT 2025","TestFAQSection","test_faq_section","",""
"","386","test_faq_answers[3-\u0422\u043e\u043b\u044c\u043a\u043e \u043d\u0430\u0447\u0438\u043d\u0430\u044f \u0441 \u0437\u0430\u0432\u0442\u0440\u0430\u0448\u043d\u0435\u0433\u043e \u0434\u043d\u044f. \u041d\u043e \u0441\u043a\u043e\u0440\u043e \u0441\u0442\u0430\u043d\u0435\u043c \u0440\u0430\u0441\u0442\u043e\u0440\u043e\u043f\u043d\u0435\u0435.]","tests","Sun May 25 15:42:57 NOVT 2025","passed","Sun May 25 15:42:57 NOVT 2025","TestFAQSection","test_faq_section","",""
"","381","test_faq_answers[5-\u0421\u0430\u043c\u043e\u043a\u0430\u0442 \u043f\u0440\u0438\u0435\u0437\u0436\u0430\u0435\u0442 \u043a \u0432\u0430\u043c \u0441 \u043f\u043e\u043b\u043d\u043e\u0439 \u0437\u0430\u0440\u044f\u0434\u043a\u043e\u0439. \u042d\u0442\u043e\u0433\u043e \u0445\u0432\u0430\u0442\u0430\u0435\u0442 \u043d\u0430 \u0432\u043e\u0441\u0435\u043c\u044c \u0441\u0443\u0442\u043e\u043a \u2014 \u0434\u0430\u0436\u0435 \u0435\u0441\u043b\u0438 \u0431\u0443\u0434\u0435\u0442\u0435 \u043a\u0430\u0442\u0430\u0442\u044c\u0441\u044f \u0431\u0435\u0437 \u043f\u0435\u0440\u0435\u0434\u044b\u0448\u0435\u043a \u0438 \u0432\u043e \u0441\u043d\u0435. \u0417\u0430\u0440\u044f\u0434\u043a\u0430 \u043d\u0435 \u043f\u043e\u043d\u0430\u0434\u043e\u0431\u0438\u0442\u0441\u044f.]","tests","Sun May 25 15:42:58 NOVT 2025","passed","Sun May 25 15:42:58 NOVT 2025","TestFAQSection","test_faq_section","",""
"","10425","test_faq_answers[0-\u0421\u0443\u0442\u043a\u0438 \u2014 400 \u0440\u0443\u0431\u043b\u0435\u0439. \u041e\u043f\u043b\u0430\u0442\u0430 \u043a\u0443\u0440\u044c\u0435\u0440\u0443 \u2014 \u043d\u0430\u043b\u0438\u0447\u043d\u044b\u043c\u0438 \u0438\u043b\u0438 \u043a\u0430\u0440\u0442\u043e\u0439.]","tests","Sun May 25 15:42:46 NOVT 2025","passed","Sun May 25 15:42:56 NOVT 2025","TestFAQSection","test_faq_section","",""
"","401","test_faq_answers[1-\u041f\u043e\u043a\u0430 \u0447\u0442\u043e \u0443 \u043d\u0430\u0441 \u0442\u0430\u043a: \u043e\u0434\u0438\u043d \u0437\u0430\u043a\u0430\u0437 \u2014 \u043e\u0434\u0438\u043d \u0441\u0430\u043c\u043e\u043a\u0430\u0442. \u0415\u0441\u043b\u0438 \u0445\u043e\u0442\u0438\u0442\u0435 \u043f\u043e\u043a\u0430\u0442\u0430\u0442\u044c\u0441\u044f \u0441 \u0434\u0440\u0443\u0437\u044c\u044f\u043c\u0438, \u043c\u043e\u0436\u0435\u0442\u0435 \u043f\u0440\u043e\u0441\u0442\u043e \u0441\u0434\u0435\u043b\u0430\u0442\u044c \u043d\u0435\u0441\u043a\u043e\u043b\u044c\u043a\u043e \u0437\u0430\u043a\u0430\u0437\u043e\u0432 \u2014 \u043e\u0434\u0438\u043d \u0437\u0430 \u0434\u0440\u0443\u0433\u0438\u043c.]","tests","Sun May 25 15:42:56 NOVT 2025","passed","Sun May 25 15:42:57 NOVT 2025","TestFAQSection","test_faq_section","",""
"","9914","test_yandex_logo_click","tests","Sun May 25 15:43:22 NOVT 2025","passed","Sun May 25 15:43:32 NOVT 2025","TestLogoNavigation","test_logo_navigation","",""
"","358","test_faq_answers[7-\u0414\u0430, \u043e\u0431\u044f\u0437\u0430\u0442\u0435\u043b\u044c\u043d\u043e. \u0412\u0441\u0435\u043c \u0441\u0430\u043c\u043e\u043a\u0430\u0442\u043e\u0432! \u0418 \u041c\u043e\u0441\u043a\u0432\u0435, \u0438 \u041c\u043e\u0441\u043a\u043e\u0432\u0441\u043a\u043e\u0439 \u043e\u0431\u043b\u0430\u0441\u0442\u0438.]","tests","Sun May 25 15:42:59 NOVT 2025","passed","Sun May 25 15:42:59 NOVT 2025","TestFAQSection","test_faq_section","",""
"","3909","test_create_order[order_data1-False]","tests","Sun May 25 15:43:55 NOVT 2025","passed","Sun May 25 15:43:59 NOVT 2025","TestOrderFlow","test_order_flow","",""
"","396","test_faq_answers[6-\u0414\u0430, \u043f\u043e\u043a\u0430 \u0441\u0430\u043c\u043e\u043a\u0430\u0442 \u043d\u0435 \u043f\u0440\u0438\u0432\u0435\u0437\u043b\u0438. \u0428\u0442\u0440\u0430\u0444\u0430 \u043d\u0435 \u0431\u0443\u0434\u0435\u0442, \u043e\u0431\u044a\u044f\u0441\u043d\u0438\u0442\u0435\u043b\u044c\u043d\u043e\u0439 \u0437\u0430\u043f\u0438\u0441\u043a\u0438 \u0442\u043e\u0436\u0435 \u043d\u0435 \u043f\u043e\u043f\u0440\u043e\u0441\u0438\u043c. \u0412\u0441\u0435 \u0436\u0435 \u0441\u0432\u043e\u0438.]","tests","Sun May 25 15:42:58 NOVT 2025","passed","Sun May 25 15:42:59 NOVT 2025","TestFAQSection","test_faq_section","",""
"","374","test_faq_answers[2-\u0414\u043e\u043f\u0443\u0441\u0442\u0438\u043c, \u0432\u044b \u043e\u0444\u043e\u0440\u043c\u043b\u044f\u0435\u0442\u0435 \u0437\u0430\u043a\u0430\u0437 \u043d\u0430 8 \u043c\u0430\u044f. \u041c\u044b \u043f\u0440\u0438\u0432\u043e\u0437\u0438\u043c \u0441\u0430\u043c\u043e\u043a\u0430\u0442 8 \u043c\u0430\u044f \u0432 \u0442\u0435\u0447\u0435\u043d\u0438\u0435 \u0434\u043d\u044f. \u041e\u0442\u0441\u0447\u0451\u0442 \u0432\u0440\u0435\u043c\u0435\u043d\u0438 \u0430\u0440\u0435\u043d\u0434\u044b \u043d\u0430\u0447\u0438\u043d\u0430\u0435\u0442\u0441\u044f \u0441 \u043c\u043e\u043c\u0435\u043d\u0442\u0430, \u043a\u043e\u0433\u0434\u0430 \u0432\u044b \u043e\u043f\u043b\u0430\u0442\u0438\u0442\u0435 \u0437\u0430\u043a\u0430\u0437 \u043a\u0443\u0440\u044c\u0435\u0440\u0443. \u0415\u0441\u043b\u0438 \u043c\u044b \u043f\u0440\u0438\u0432\u0435\u0437\u043b\u0438 \u0441\u0430\u043c\u043e\u043a\u0430\u0442 8 \u043c\u0430\u044f \u0432 20:30, \u0441\u0443\u0442\u043e\u0447\u043d\u0430\u044f \u0430\u0440\u0435\u043d\u0434\u0430 \u0437\u0430\u043a\u043e\u043d\u0447\u0438\u0442\u0441\u044f 9 \u043c\u0430\u044f \u0432 20:30.]","tests","Sun May 25 15:42:57 NOVT 2025","passed","Sun May 25 15:42:57 NOVT 2025","TestFAQSection","test_faq_section","",""
"","5155","Проверка открытия Google в Firefox","tests","Tue May 20 23:47:42 NOVT 2025","passed","Tue May 20 23:47:48 NOVT 2025","","test_selenium","",""
